Workbook

Sheet Raw_Data
A1: OrderID | B1: Date | C1: CustomerID | D1: Product | E1: Quantity | F1: UnitPrice | G1: ShippingAddress | H1: PaymentMethod | I1: OrderStatus | J1: TrackingNumber | K1: ItemsInCart | L1: CouponCode | M1: ReferralSource | N1: TotalPrice | O1: Duplicate_Check | P1: Missing_Check | Q1: Date_Check | R1: Precision_Check
A2: ORD200000 | B2: 44930 | C2: C72649 | D2: Monitor | E2: 5 | F2: 570.62 | G2: 928 Main St | H2: Debit Card | I2: Shipped | J2: TRK37947903 | K2: 7 | L2: SAVE10 | M2: Instagram | N2: 2853.1 | O2: =IF(COUNTIF($A$2:$A$1201,A2)>1,"DUPLICATE","Unique") -> Unique | P2: =IF(L2="","MISSING","OK") -> OK | Q2: =IF(ISNUMBER(B2),"OK","BAD DATE") -> OK | R2: =IF(ROUND(F2,2)=F2,"OK","FIX") -> OK
A3: ORD200001 | B3: 45527 | C3: C75739 | D3: Phone | E3: 2 | F3: 151.35 | G3: 823 Main St | H3: Online | I3: Shipped | J3: TRK91186779 | K3: 3 | L3: SAVE10 | M3: Referral | N3: 302.7 | O3: =IF(COUNTIF($A$2:$A$1201,A3)>1,"DUPLICATE","Unique") -> Unique | P3: =IF(L3="","MISSING","OK") -> OK | Q3: =IF(ISNUMBER(B3),"OK","BAD DATE") -> OK | R3: =IF(ROUND(F3,2)=F3,"OK","FIX") -> OK
A4: ORD200002 | B4: 45349 | C4: C81728 | D4: Tablet | E4: 5 | F4: 550.68 | G4: 512 Main St | H4: Credit Card | I4: Cancelled | J4: TRK42903982 | K4: 8 | L4: FREESHIP | M4: Email | N4: 2753.4 | O4: =IF(COUNTIF($A$2:$A$1201,A4)>1,"DUPLICATE","Unique") -> Unique | P4: =IF(L4="","MISSING","OK") -> OK | Q4: =IF(ISNUMBER(B4),"OK","BAD DATE") -> OK | R4: =IF(ROUND(F4,2)=F4,"OK","FIX") -> OK
A5: ORD200003 | B5: 45214 | C5: C33540 | D5: Chair | E5: 1 | F5: 273.19 | G5: 275 Main St | H5: Debit Card | I5: Returned | J5: TRK62788070 | K5: 5 | L5: SAVE10 | M5: Facebook | N5: 273.19 | O5: =IF(COUNTIF($A$2:$A$1201,A5)>1,"DUPLICATE","Unique") -> Unique | P5: =IF(L5="","MISSING","OK") -> OK | Q5: =IF(ISNUMBER(B5),"OK","BAD DATE") -> OK | R5: =IF(ROUND(F5,2)=F5,"OK","FIX") -> OK
A6: ORD200004 | B6: 45785 | C6: C81840 | D6: Printer | E6: 4 | F6: 626.01 | G6: 668 Main St | H6: Online | I6: Delivered | J6: TRK29241424 | K6: 8 | L6: SAVE10 | M6: Email | N6: 2504.04 | O6: =IF(COUNTIF($A$2:$A$1201,A6)>1,"DUPLICATE","Unique") -> Unique | P6: =IF(L6="","MISSING","OK") -> OK | Q6: =IF(ISNUMBER(B6),"OK","BAD DATE") -> OK | R6: =IF(ROUND(F6,2)=F6,"OK","FIX") -> OK
A7: ORD200005 | B7: 45222 | C7: C37249 | D7: Phone | E7: 2 | F7: 245.86 | G7: 934 Main St | H7: Credit Card | I7: Shipped | J7: TRK72976927 | K7: 4 | L7: SAVE10 | M7: Instagram | N7: 491.72 | O7: =IF(COUNTIF($A$2:$A$1201,A7)>1,"DUPLICATE","Unique") -> Unique | P7: =IF(L7="","MISSING","OK") -> OK | Q7: =IF(ISNUMBER(B7),"OK","BAD DATE") -> OK | R7: =IF(ROUND(F7,2)=F7,"OK","FIX") -> OK
A8: ORD200006 | B8: 45825 | C8: C83492 | D8: Laptop | E8: 1 | F8: 664.42 | G8: 986 Main St | H8: Gift Card | I8: Returned | J8: TRK96417362 | K8: 6 | L8: SAVE10 | M8: Facebook | N8: 664.42 | O8: =IF(COUNTIF($A$2:$A$1201,A8)>1,"DUPLICATE","Unique") -> Unique | P8: =IF(L8="","MISSING","OK") -> OK | Q8: =IF(ISNUMBER(B8),"OK","BAD DATE") -> OK | R8: =IF(ROUND(F8,2)=F8,"OK","FIX") -> OK
A9: ORD200007 | B9: 45058 | C9: C41460 | D9: Monitor | E9: 5 | F9: 149.55 | G9: 706 Main St | H9: Cash | I9: Shipped | J9: TRK78809193 | K9: 9 | L9: FREESHIP | M9: Facebook | N9: 747.75 | O9: =IF(COUNTIF($A$2:$A$1201,A9)>1,"DUPLICATE","Unique") -> Unique | P9: =IF(L9="","MISSING","OK") -> OK | Q9: =IF(ISNUMBER(B9),"OK","BAD DATE") -> OK | R9: =IF(ROUND(F9,2)=F9,"OK","FIX") -> OK
A10: ORD200008 | B10: 45749 | C10: C26817 | D10: Phone | E10: 2 | F10: 134.28 | G10: 904 Main St | H10: Gift Card | I10: Cancelled | J10: TRK61042692 | K10: 2 | M10: Email | N10: 268.56 | O10: =IF(COUNTIF($A$2:$A$1201,A10)>1,"DUPLICATE","Unique") -> Unique | P10: =IF(L10="","MISSING","OK") -> MISSING | Q10: =IF(ISNUMBER(B10),"OK","BAD DATE") -> OK | R10: =IF(ROUND(F10,2)=F10,"OK","FIX") -> OK
A11: ORD200009 | B11: 45251 | C11: C31946 | D11: Desk | E11: 4 | F11: 509.38 | G11: 102 Main St | H11: Credit Card | I11: Shipped | J11: TRK33478363 | K11: 6 | L11: SAVE10 | M11: Google | N11: 2037.52 | O11: =IF(COUNTIF($A$2:$A$1201,A11)>1,"DUPLICATE","Unique") -> Unique | P11: =IF(L11="","MISSING","OK") -> OK | Q11: =IF(ISNUMBER(B11),"OK","BAD DATE") -> OK | R11: =IF(ROUND(F11,2)=F11,"OK","FIX") -> OK
A12: ORD200010 | B12: 45289 | C12: C43443 | D12: Tablet | E12: 5 | F12: 625.97 | G12: 333 Main St | H12: Credit Card | I12: Returned | J12: TRK98859248 | K12: 9 | L12: WINTER15 | M12: Instagram | N12: 3129.85 | O12: =IF(COUNTIF($A$2:$A$1201,A12)>1,"DUPLICATE","Unique") -> Unique | P12: =IF(L12="","MISSING","OK") -> OK | Q12: =IF(ISNUMBER(B12),"OK","BAD DATE") -> OK | R12: =IF(ROUND(F12,2)=F12,"OK","FIX") -> OK
A13: ORD200011 | B13: 45339 | C13: C93861 | D13: Monitor | E13: 3 | F13: 49.14 | G13: 831 Main St | H13: Online | I13: Returned | J13: TRK48234646 | K13: 7 | L13: SAVE10 | M13: Email | N13: 147.42 | O13: =IF(COUNTIF($A$2:$A$1201,A13)>1,"DUPLICATE","Unique") -> Unique | P13: =IF(L13="","MISSING","OK") -> OK | Q13: =IF(ISNUMBER(B13),"OK","BAD DATE") -> OK | R13: =IF(ROUND(F13,2)=F13,"OK","FIX") -> OK
A14: ORD200012 | B14: 45580 | C14: C38785 | D14: Monitor | E14: 2 | F14: 180.5 | G14: 179 Main St | H14: Debit Card | I14: Pending | J14: TRK20419991 | K14: 6 | L14: FREESHIP | M14: Referral | N14: 361 | O14: =IF(COUNTIF($A$2:$A$1201,A14)>1,"DUPLICATE","Unique") -> Unique | P14: =IF(L14="","MISSING","OK") -> OK | Q14: =IF(ISNUMBER(B14),"OK","BAD DATE") -> OK | R14: =IF(ROUND(F14,2)=F14,"OK","FIX") -> OK
A15: ORD200013 | B15: 45168 | C15: C88348 | D15: Laptop | E15: 3 | F15: 201.49 | G15: 903 Main St | H15: Credit Card | I15: Returned | J15: TRK81913874 | K15: 4 | L15: FREESHIP | M15: Facebook | N15: 604.47 | O15: =IF(COUNTIF($A$2:$A$1201,A15)>1,"DUPLICATE","Unique") -> Unique | P15: =IF(L15="","MISSING","OK") -> OK | Q15: =IF(ISNUMBER(B15),"OK","BAD DATE") -> OK | R15: =IF(ROUND(F15,2)=F15,"OK","FIX") -> OK
A16: ORD200014 | B16: 45012 | C16: C98474 | D16: Tablet | E16: 2 | F16: 393.33 | G16: 980 Main St | H16: Debit Card | I16: Pending | J16: TRK79186539 | K16: 3 | L16: SAVE10 | M16: Instagram | N16: 786.66 | O16: =IF(COUNTIF($A$2:$A$1201,A16)>1,"DUPLICATE","Unique") -> Unique | P16: =IF(L16="","MISSING","OK") -> OK | Q16: =IF(ISNUMBER(B16),"OK","BAD DATE") -> OK | R16: =IF(ROUND(F16,2)=F16,"OK","FIX") -> OK
A17: ORD200015 | B17: 45124 | C17: C39416 | D17: Printer | E17: 1 | F17: 473.96 | G17: 942 Main St | H17: Cash | I17: Delivered | J17: TRK54930938 | K17: 3 | M17: Google | N17: 473.96 | O17: =IF(COUNTIF($A$2:$A$1201,A17)>1,"DUPLICATE","Unique") -> Unique | P17: =IF(L17="","MISSING","OK") -> MISSING | Q17: =IF(ISNUMBER(B17),"OK","BAD DATE") -> OK | R17: =IF(ROUND(F17,2)=F17,"OK","FIX") -> OK
A18: ORD200016 | B18: 44950 | C18: C28976 | D18: Printer | E18: 2 | F18: 533.81 | G18: 914 Main St | H18: Credit Card | I18: Pending | J18: TRK13194259 | K18: 3 | L18: FREESHIP | M18: Email | N18: 1067.62 | O18: =IF(COUNTIF($A$2:$A$1201,A18)>1,"DUPLICATE","Unique") -> Unique | P18: =IF(L18="","MISSING","OK") -> OK | Q18: =IF(ISNUMBER(B18),"OK","BAD DATE") -> OK | R18: =IF(ROUND(F18,2)=F18,"OK","FIX") -> OK
A19: ORD200017 | B19: 45353 | C19: C60672 | D19: Tablet | E19: 1 | F19: 423.4 | G19: 382 Main St | H19: Debit Card | I19: Shipped | J19: TRK11972116 | K19: 3 | M19: Referral | N19: 423.4 | O19: =IF(COUNTIF($A$2:$A$1201,A19)>1,"DUPLICATE","Unique") -> Unique | P19: =IF(L19="","MISSING","OK") -> MISSING | Q19: =IF(ISNUMBER(B19),"OK","BAD DATE") -> OK | R19: =IF(ROUND(F19,2)=F19,"OK","FIX") -> OK
A20: ORD200018 | B20: 45742 | C20: C84329 | D20: Desk | E20: 1 | F20: 431.44 | G20: 891 Main St | H20: Gift Card | I20: Pending | J20: TRK65191045 | K20: 3 | L20: SAVE10 | M20: Facebook | N20: 431.44 | O20: =IF(COUNTIF($A$2:$A$1201,A20)>1,"DUPLICATE","Unique") -> Unique | P20: =IF(L20="","MISSING","OK") -> OK | Q20: =IF(ISNUMBER(B20),"OK","BAD DATE") -> OK | R20: =IF(ROUND(F20,2)=F20,"OK","FIX") -> OK
A21: ORD200019 | B21: 44949 | C21: C14552 | D21: Monitor | E21: 5 | F21: 224 | G21: 273 Main St | H21: Cash | I21: Returned | J21: TRK59101365 | K21: 9 | L21: SAVE10 | M21: Google | N21: 1120 | O21: =IF(COUNTIF($A$2:$A$1201,A21)>1,"DUPLICATE","Unique") -> Unique | P21: =IF(L21="","MISSING","OK") -> OK | Q21: =IF(ISNUMBER(B21),"OK","BAD DATE") -> OK | R21: =IF(ROUND(F21,2)=F21,"OK","FIX") -> OK
A22: ORD200020 | B22: 45054 | C22: C54829 | D22: Chair | E22: 5 | F22: 62.51 | G22: 587 Main St | H22: Cash | I22: Pending | J22: TRK16718651 | K22: 9 | L22: WINTER15 | M22: Instagram | N22: 312.55 | O22: =IF(COUNTIF($A$2:$A$1201,A22)>1,"DUPLICATE","Unique") -> Unique | P22: =IF(L22="","MISSING","OK") -> OK | Q22: =IF(ISNUMBER(B22),"OK","BAD DATE") -> OK | R22: =IF(ROUND(F22,2)=F22,"OK","FIX") -> OK
A23: ORD200021 | B23: 45613 | C23: C99023 | D23: Monitor | E23: 4 | F23: 342.95 | G23: 569 Main St | H23: Cash | I23: Delivered | J23: TRK52646983 | K23: 6 | M23: Google | N23: 1371.8 | O23: =IF(COUNTIF($A$2:$A$1201,A23)>1,"DUPLICATE","Unique") -> Unique | P23: =IF(L23="","MISSING","OK") -> MISSING | Q23: =IF(ISNUMBER(B23),"OK","BAD DATE") -> OK | R23: =IF(ROUND(F23,2)=F23,"OK","FIX") -> OK
A24: ORD200022 | B24: 44955 | C24: C34416 | D24: Monitor | E24: 2 | F24: 49.62 | G24: 633 Main St | H24: Online | I24: Pending | J24: TRK75937350 | K24: 2 | L24: SAVE10 | M24: Google | N24: 99.24 | O24: =IF(COUNTIF($A$2:$A$1201,A24)>1,"DUPLICATE","Unique") -> Unique | P24: =IF(L24="","MISSING","OK") -> OK | Q24: =IF(ISNUMBER(B24),"OK","BAD DATE") -> OK | R24: =IF(ROUND(F24,2)=F24,"OK","FIX") -> OK
A25: ORD200023 | B25: 45756 | C25: C42372 | D25: Phone | E25: 4 | F25: 273.25 | G25: 755 Main St | H25: Debit Card | I25: Cancelled | J25: TRK36168083 | K25: 5 | L25: FREESHIP | M25: Referral | N25: 1093 | O25: =IF(COUNTIF($A$2:$A$1201,A25)>1,"DUPLICATE","Unique") -> Unique | P25: =IF(L25="","MISSING","OK") -> OK | Q25: =IF(ISNUMBER(B25),"OK","BAD DATE") -> OK | R25: =IF(ROUND(F25,2)=F25,"OK","FIX") -> OK
A26: ORD200024 | B26: 45595 | C26: C17470 | D26: Laptop | E26: 2 | F26: 230.95 | G26: 956 Main St | H26: Online | I26: Delivered | J26: TRK28775057 | K26: 3 | L26: WINTER15 | M26: Referral | N26: 461.9 | O26: =IF(COUNTIF($A$2:$A$1201,A26)>1,"DUPLICATE","Unique") -> Unique | P26: =IF(L26="","MISSING","OK") -> OK | Q26: =IF(ISNUMBER(B26),"OK","BAD DATE") -> OK | R26: =IF(ROUND(F26,2)=F26,"OK","FIX") -> OK
A27: ORD200025 | B27: 45497 | C27: C42577 | D27: Monitor | E27: 1 | F27: 399.98 | G27: 709 Main St | H27: Debit Card | I27: Delivered | J27: TRK69423327 | K27: 3 | L27: WINTER15 | M27: Email | N27: 399.98 | O27: =IF(COUNTIF($A$2:$A$1201,A27)>1,"DUPLICATE","Unique") -> Unique | P27: =IF(L27="","MISSING","OK") -> OK | Q27: =IF(ISNUMBER(B27),"OK","BAD DATE") -> OK | R27: =IF(ROUND(F27,2)=F27,"OK","FIX") -> OK
A28: ORD200026 | B28: 45357 | C28: C21944 | D28: Laptop | E28: 5 | F28: 59.55 | G28: 296 Main St | H28: Online | I28: Delivered | J28: TRK80276812 | K28: 6 | M28: Referral | N28: 297.75 | O28: =IF(COUNTIF($A$2:$A$1201,A28)>1,"DUPLICATE","Unique") -> Unique | P28: =IF(L28="","MISSING","OK") -> MISSING | Q28: =IF(ISNUMBER(B28),"OK","BAD DATE") -> OK | R28: =IF(ROUND(F28,2)=F28,"OK","FIX") -> OK
A29: ORD200027 | B29: 45344 | C29: C97593 | D29: Printer | E29: 1 | F29: 472.74 | G29: 881 Main St | H29: Online | I29: Shipped | J29: TRK89117573 | K29: 6 | L29: WINTER15 | M29: Google | N29: 472.74 | O29: =IF(COUNTIF($A$2:$A$1201,A29)>1,"DUPLICATE","Unique") -> Unique | P29: =IF(L29="","MISSING","OK") -> OK | Q29: =IF(ISNUMBER(B29),"OK","BAD DATE") -> OK | R29: =IF(ROUND(F29,2)=F29,"OK","FIX") -> OK
A30: ORD200028 | B30: 45251 | C30: C59823 | D30: Phone | E30: 4 | F30: 160.07 | G30: 568 Main St | H30: Online | I30: Pending | J30: TRK65895539 | K30: 5 | M30: Email | N30: 640.28 | O30: =IF(COUNTIF($A$2:$A$1201,A30)>1,"DUPLICATE","Unique") -> Unique | P30: =IF(L30="","MISSING","OK") -> MISSING | Q30: =IF(ISNUMBER(B30),"OK","BAD DATE") -> OK | R30: =IF(ROUND(F30,2)=F30,"OK","FIX") -> OK
A31: ORD200029 | B31: 45555 | C31: C33260 | D31: Desk | E31: 3 | F31: 423.53 | G31: 930 Main St | H31: Credit Card | I31: Delivered | J31: TRK59744090 | K31: 6 | L31: SAVE10 | M31: Referral | N31: 1270.59 | O31: =IF(COUNTIF($A$2:$A$1201,A31)>1,"DUPLICATE","Unique") -> Unique | P31: =IF(L31="","MISSING","OK") -> OK | Q31: =IF(ISNUMBER(B31),"OK","BAD DATE") -> OK | R31: =IF(ROUND(F31,2)=F31,"OK","FIX") -> OK
A32: ORD200030 | B32: 45738 | C32: C44267 | D32: Monitor | E32: 2 | F32: 426.7 | G32: 895 Main St | H32: Online | I32: Pending | J32: TRK54751444 | K32: 5 | L32: SAVE10 | M32: Referral | N32: 853.4 | O32: =IF(COUNTIF($A$2:$A$1201,A32)>1,"DUPLICATE","Unique") -> Unique | P32: =IF(L32="","MISSING","OK") -> OK | Q32: =IF(ISNUMBER(B32),"OK","BAD DATE") -> OK | R32: =IF(ROUND(F32,2)=F32,"OK","FIX") -> OK
A33: ORD200031 | B33: 45107 | C33: C26445 | D33: Chair | E33: 3 | F33: 500.08 | G33: 996 Main St | H33: Debit Card | I33: Returned | J33: TRK31229981 | K33: 6 | M33: Facebook | N33: 1500.24 | O33: =IF(COUNTIF($A$2:$A$1201,A33)>1,"DUPLICATE","Unique") -> Unique | P33: =IF(L33="","MISSING","OK") -> MISSING | Q33: =IF(ISNUMBER(B33),"OK","BAD DATE") -> OK | R33: =IF(ROUND(F33,2)=F33,"OK","FIX") -> OK
A34: ORD200032 | B34: 45047 | C34: C12388 | D34: Tablet | E34: 5 | F34: 536.72 | G34: 830 Main St | H34: Cash | I34: Delivered | J34: TRK99261395 | K34: 10 | M34: Email | N34: 2683.6 | O34: =IF(COUNTIF($A$2:$A$1201,A34)>1,"DUPLICATE","Unique") -> Unique | P34: =IF(L34="","MISSING","OK") -> MISSING | Q34: =IF(ISNUMBER(B34),"OK","BAD DATE") -> OK | R34: =IF(ROUND(F34,2)=F34,"OK","FIX") -> OK
A35: ORD200033 | B35: 45082 | C35: C52184 | D35: Chair | E35: 1 | F35: 162.77 | G35: 912 Main St | H35: Online | I35: Cancelled | J35: TRK73312471 | K35: 4 | L35: WINTER15 | M35: Facebook | N35: 162.77 | O35: =IF(COUNTIF($A$2:$A$1201,A35)>1,"DUPLICATE","Unique") -> Unique | P35: =IF(L35="","MISSING","OK") -> OK | Q35: =IF(ISNUMBER(B35),"OK","BAD DATE") -> OK | R35: =IF(ROUND(F35,2)=F35,"OK","FIX") -> OK
A36: ORD200034 | B36: 44933 | C36: C67195 | D36: Chair | E36: 4 | F36: 576.52 | G36: 926 Main St | H36: Credit Card | I36: Pending | J36: TRK55467915 | K36: 5 | L36: WINTER15 | M36: Facebook | N36: 2306.08 | O36: =IF(COUNTIF($A$2:$A$1201,A36)>1,"DUPLICATE","Unique") -> Unique | P36: =IF(L36="","MISSING","OK") -> OK | Q36: =IF(ISNUMBER(B36),"OK","BAD DATE") -> OK | R36: =IF(ROUND(F36,2)=F36,"OK","FIX") -> OK
A37: ORD200035 | B37: 45633 | C37: C50304 | D37: Monitor | E37: 2 | F37: 465.15 | G37: 128 Main St | H37: Online | I37: Shipped | J37: TRK46850888 | K37: 2 | L37: SAVE10 | M37: Facebook | N37: 930.3 | O37: =IF(COUNTIF($A$2:$A$1201,A37)>1,"DUPLICATE","Unique") -> Unique | P37: =IF(L37="","MISSING","OK") -> OK | Q37: =IF(ISNUMBER(B37),"OK","BAD DATE") -> OK | R37: =IF(ROUND(F37,2)=F37,"OK","FIX") -> OK
A38: ORD200036 | B38: 45785 | C38: C59337 | D38: Laptop | E38: 2 | F38: 534.43 | G38: 465 Main St | H38: Debit Card | I38: Pending | J38: TRK50961250 | K38: 5 | M38: Facebook | N38: 1068.86 | O38: =IF(COUNTIF($A$2:$A$1201,A38)>1,"DUPLICATE","Unique") -> Unique | P38: =IF(L38="","MISSING","OK") -> MISSING | Q38: =IF(ISNUMBER(B38),"OK","BAD DATE") -> OK | R38: =IF(ROUND(F38,2)=F38,"OK","FIX") -> OK
A39: ORD200037 | B39: 45579 | C39: C10054 | D39: Laptop | E39: 2 | F39: 76.74 | G39: 409 Main St | H39: Cash | I39: Returned | J39: TRK94005261 | K39: 7 | L39: SAVE10 | M39: Instagram | N39: 153.48 | O39: =IF(COUNTIF($A$2:$A$1201,A39)>1,"DUPLICATE","Unique") -> Unique | P39: =IF(L39="","MISSING","OK") -> OK | Q39: =IF(ISNUMBER(B39),"OK","BAD DATE") -> OK | R39: =IF(ROUND(F39,2)=F39,"OK","FIX") -> OK
A40: ORD200038 | B40: 45645 | C40: C15924 | D40: Laptop | E40: 1 | F40: 245.89 | G40: 549 Main St | H40: Debit Card | I40: Delivered | J40: TRK14835975 | K40: 3 | L40: SAVE10 | M40: Google | N40: 245.89 | O40: =IF(COUNTIF($A$2:$A$1201,A40)>1,"DUPLICATE","Unique") -> Unique | P40: =IF(L40="","MISSING","OK") -> OK | Q40: =IF(ISNUMBER(B40),"OK","BAD DATE") -> OK | R40: =IF(ROUND(F40,2)=F40,"OK","FIX") -> OK
A41: ORD200039 | B41: 45715 | C41: C96664 | D41: Printer | E41: 3 | F41: 256.46 | G41: 666 Main St | H41: Credit Card | I41: Delivered | J41: TRK85508960 | K41: 4 | L41: SAVE10 | M41: Referral | N41: 769.38 | O41: =IF(COUNTIF($A$2:$A$1201,A41)>1,"DUPLICATE","Unique") -> Unique | P41: =IF(L41="","MISSING","OK") -> OK | Q41: =IF(ISNUMBER(B41),"OK","BAD DATE") -> OK | R41: =IF(ROUND(F41,2)=F41,"OK","FIX") -> OK
A42: ORD200040 | B42: 45158 | C42: C84766 | D42: Desk | E42: 2 | F42: 344.02 | G42: 267 Main St | H42: Online | I42: Delivered | J42: TRK78967923 | K42: 4 | L42: FREESHIP | M42: Instagram | N42: 688.04 | O42: =IF(COUNTIF($A$2:$A$1201,A42)>1,"DUPLICATE","Unique") -> Unique | P42: =IF(L42="","MISSING","OK") -> OK | Q42: =IF(ISNUMBER(B42),"OK","BAD DATE") -> OK | R42: =IF(ROUND(F42,2)=F42,"OK","FIX") -> OK
A43: ORD200041 | B43: 45265 | C43: C20212 | D43: Monitor | E43: 3 | F43: 611.45 | G43: 657 Main St | H43: Gift Card | I43: Pending | J43: TRK69733327 | K43: 4 | L43: FREESHIP | M43: Instagram | N43: 1834.35 | O43: =IF(COUNTIF($A$2:$A$1201,A43)>1,"DUPLICATE","Unique") -> Unique | P43: =IF(L43="","MISSING","OK") -> OK | Q43: =IF(ISNUMBER(B43),"OK","BAD DATE") -> OK | R43: =IF(ROUND(F43,2)=F43,"OK","FIX") -> OK
A44: ORD200042 | B44: 45418 | C44: C28712 | D44: Printer | E44: 2 | F44: 151.66 | G44: 980 Main St | H44: Cash | I44: Cancelled | J44: TRK40772558 | K44: 6 | M44: Instagram | N44: 303.32 | O44: =IF(COUNTIF($A$2:$A$1201,A44)>1,"DUPLICATE","Unique") -> Unique | P44: =IF(L44="","MISSING","OK") -> MISSING | Q44: =IF(ISNUMBER(B44),"OK","BAD DATE") -> OK | R44: =IF(ROUND(F44,2)=F44,"OK","FIX") -> OK
A45: ORD200043 | B45: 45274 | C45: C60572 | D45: Chair | E45: 3 | F45: 499.21 | G45: 871 Main St | H45: Online | I45: Cancelled | J45: TRK20351666 | K45: 8 | M45: Instagram | N45: 1497.63 | O45: =IF(COUNTIF($A$2:$A$1201,A45)>1,"DUPLICATE","Unique") -> Unique | P45: =IF(L45="","MISSING","OK") -> MISSING | Q45: =IF(ISNUMBER(B45),"OK","BAD DATE") -> OK | R45: =IF(ROUND(F45,2)=F45,"OK","FIX") -> OK
A46: ORD200044 | B46: 45768 | C46: C73225 | D46: Phone | E46: 2 | F46: 550.18 | G46: 996 Main St | H46: Gift Card | I46: Returned | J46: TRK73848522 | K46: 3 | L46: FREESHIP | M46: Referral | N46: 1100.36 | O46: =IF(COUNTIF($A$2:$A$1201,A46)>1,"DUPLICATE","Unique") -> Unique | P46: =IF(L46="","MISSING","OK") -> OK | Q46: =IF(ISNUMBER(B46),"OK","BAD DATE") -> OK | R46: =IF(ROUND(F46,2)=F46,"OK","FIX") -> OK
A47: ORD200045 | B47: 45332 | C47: C17388 | D47: Chair | E47: 1 | F47: 317.25 | G47: 157 Main St | H47: Debit Card | I47: Returned | J47: TRK47077395 | K47: 1 | L47: SAVE10 | M47: Facebook | N47: 317.25 | O47: =IF(COUNTIF($A$2:$A$1201,A47)>1,"DUPLICATE","Unique") -> Unique | P47: =IF(L47="","MISSING","OK") -> OK | Q47: =IF(ISNUMBER(B47),"OK","BAD DATE") -> OK | R47: =IF(ROUND(F47,2)=F47,"OK","FIX") -> OK
A48: ORD200046 | B48: 45469 | C48: C43212 | D48: Monitor | E48: 4 | F48: 550.14 | G48: 223 Main St | H48: Debit Card | I48: Pending | J48: TRK25100762 | K48: 4 | L48: FREESHIP | M48: Instagram | N48: 2200.56 | O48: =IF(COUNTIF($A$2:$A$1201,A48)>1,"DUPLICATE","Unique") -> Unique | P48: =IF(L48="","MISSING","OK") -> OK | Q48: =IF(ISNUMBER(B48),"OK","BAD DATE") -> OK | R48: =IF(ROUND(F48,2)=F48,"OK","FIX") -> OK
A49: ORD200047 | B49: 45126 | C49: C38134 | D49: Desk | E49: 2 | F49: 209.94 | G49: 323 Main St | H49: Credit Card | I49: Returned | J49: TRK42450754 | K49: 3 | L49: FREESHIP | M49: Email | N49: 419.88 | O49: =IF(COUNTIF($A$2:$A$1201,A49)>1,"DUPLICATE","Unique") -> Unique | P49: =IF(L49="","MISSING","OK") -> OK | Q49: =IF(ISNUMBER(B49),"OK","BAD DATE") -> OK | R49: =IF(ROUND(F49,2)=F49,"OK","FIX") -> OK
A50: ORD200048 | B50: 45164 | C50: C12408 | D50: Monitor | E50: 2 | F50: 80.77 | G50: 464 Main St | H50: Debit Card | I50: Shipped | J50: TRK38938858 | K50: 4 | M50: Google | N50: 161.54 | O50: =IF(COUNTIF($A$2:$A$1201,A50)>1,"DUPLICATE","Unique") -> Unique | P50: =IF(L50="","MISSING","OK") -> MISSING | Q50: =IF(ISNUMBER(B50),"OK","BAD DATE") -> OK | R50: =IF(ROUND(F50,2)=F50,"OK","FIX") -> OK
A51: ORD200049 | B51: 45206 | C51: C11985 | D51: Printer | E51: 1 | F51: 30.44 | G51: 633 Main St | H51: Credit Card | I51: Shipped | J51: TRK53272402 | K51: 1 | L51: SAVE10 | M51: Email | N51: 30.44 | O51: =IF(COUNTIF($A$2:$A$1201,A51)>1,"DUPLICATE","Unique") -> Unique | P51: =IF(L51="","MISSING","OK") -> OK | Q51: =IF(ISNUMBER(B51),"OK","BAD DATE") -> OK | R51: =IF(ROUND(F51,2)=F51,"OK","FIX") -> OK
A52: ORD200050 | B52: 45138 | C52: C96494 | D52: Tablet | E52: 1 | F52: 179.22 | G52: 446 Main St | H52: Online | I52: Cancelled | J52: TRK14675049 | K52: 6 | L52: FREESHIP | M52: Instagram | N52: 179.22 | O52: =IF(COUNTIF($A$2:$A$1201,A52)>1,"DUPLICATE","Unique") -> Unique | P52: =IF(L52="","MISSING","OK") -> OK | Q52: =IF(ISNUMBER(B52),"OK","BAD DATE") -> OK | R52: =IF(ROUND(F52,2)=F52,"OK","FIX") -> OK
A53: ORD200051 | B53: 45656 | C53: C36778 | D53: Tablet | E53: 1 | F53: 388.33 | G53: 434 Main St | H53: Cash | I53: Returned | J53: TRK67610289 | K53: 2 | L53: SAVE10 | M53: Facebook | N53: 388.33 | O53: =IF(COUNTIF($A$2:$A$1201,A53)>1,"DUPLICATE","Unique") -> Unique | P53: =IF(L53="","MISSING","OK") -> OK | Q53: =IF(ISNUMBER(B53),"OK","BAD DATE") -> OK | R53: =IF(ROUND(F53,2)=F53,"OK","FIX") -> OK
A54: ORD200052 | B54: 45543 | C54: C30513 | D54: Tablet | E54: 1 | F54: 586.44 | G54: 232 Main St | H54: Online | I54: Returned | J54: TRK64320429 | K54: 5 | L54: SAVE10 | M54: Facebook | N54: 586.44 | O54: =IF(COUNTIF($A$2:$A$1201,A54)>1,"DUPLICATE","Unique") -> Unique | P54: =IF(L54="","MISSING","OK") -> OK | Q54: =IF(ISNUMBER(B54),"OK","BAD DATE") -> OK | R54: =IF(ROUND(F54,2)=F54,"OK","FIX") -> OK
A55: ORD200053 | B55: 45430 | C55: C67551 | D55: Phone | E55: 4 | F55: 488.78 | G55: 512 Main St | H55: Online | I55: Returned | J55: TRK94992552 | K55: 5 | L55: FREESHIP | M55: Google | N55: 1955.12 | O55: =IF(COUNTIF($A$2:$A$1201,A55)>1,"DUPLICATE","Unique") -> Unique | P55: =IF(L55="","MISSING","OK") -> OK | Q55: =IF(ISNUMBER(B55),"OK","BAD DATE") -> OK | R55: =IF(ROUND(F55,2)=F55,"OK","FIX") -> OK
A56: ORD200054 | B56: 45743 | C56: C48120 | D56: Chair | E56: 1 | F56: 280.25 | G56: 623 Main St | H56: Online | I56: Pending | J56: TRK11014449 | K56: 5 | L56: WINTER15 | M56: Email | N56: 280.25 | O56: =IF(COUNTIF($A$2:$A$1201,A56)>1,"DUPLICATE","Unique") -> Unique | P56: =IF(L56="","MISSING","OK") -> OK | Q56: =IF(ISNUMBER(B56),"OK","BAD DATE") -> OK | R56: =IF(ROUND(F56,2)=F56,"OK","FIX") -> OK
A57: ORD200055 | B57: 45832 | C57: C95984 | D57: Printer | E57: 3 | F57: 344.4 | G57: 565 Main St | H57: Online | I57: Cancelled | J57: TRK67434829 | K57: 3 | M57: Facebook | N57: 1033.2 | O57: =IF(COUNTIF($A$2:$A$1201,A57)>1,"DUPLICATE","Unique") -> Unique | P57: =IF(L57="","MISSING","OK") -> MISSING | Q57: =IF(ISNUMBER(B57),"OK","BAD DATE") -> OK | R57: =IF(ROUND(F57,2)=F57,"OK","FIX") -> OK
A58: ORD200056 | B58: 45067 | C58: C54298 | D58: Tablet | E58: 3 | F58: 479.21 | G58: 566 Main St | H58: Cash | I58: Cancelled | J58: TRK62902341 | K58: 5 | L58: WINTER15 | M58: Referral | N58: 1437.63 | O58: =IF(COUNTIF($A$2:$A$1201,A58)>1,"DUPLICATE","Unique") -> Unique | P58: =IF(L58="","MISSING","OK") -> OK | Q58: =IF(ISNUMBER(B58),"OK","BAD DATE") -> OK | R58: =IF(ROUND(F58,2)=F58,"OK","FIX") -> OK
A59: ORD200057 | B59: 44948 | C59: C88036 | D59: Printer | E59: 5 | F59: 314.27 | G59: 842 Main St | H59: Cash | I59: Returned | J59: TRK52470128 | K59: 6 | L59: SAVE10 | M59: Instagram | N59: 1571.35 | O59: =IF(COUNTIF($A$2:$A$1201,A59)>1,"DUPLICATE","Unique") -> Unique | P59: =IF(L59="","MISSING","OK") -> OK | Q59: =IF(ISNUMBER(B59),"OK","BAD DATE") -> OK | R59: =IF(ROUND(F59,2)=F59,"OK","FIX") -> OK
A60: ORD200058 | B60: 44941 | C60: C60190 | D60: Phone | E60: 4 | F60: 474.69 | G60: 202 Main St | H60: Gift Card | I60: Cancelled | J60: TRK70857868 | K60: 6 | L60: SAVE10 | M60: Google | N60: 1898.76 | O60: =IF(COUNTIF($A$2:$A$1201,A60)>1,"DUPLICATE","Unique") -> Unique | P60: =IF(L60="","MISSING","OK") -> OK | Q60: =IF(ISNUMBER(B60),"OK","BAD DATE") -> OK | R60: =IF(ROUND(F60,2)=F60,"OK","FIX") -> OK
A61: ORD200059 | B61: 45546 | C61: C97603 | D61: Chair | E61: 4 | F61: 593.27 | G61: 811 Main St | H61: Online | I61: Shipped | J61: TRK47055028 | K61: 5 | M61: Facebook | N61: 2373.08 | O61: =IF(COUNTIF($A$2:$A$1201,A61)>1,"DUPLICATE","Unique") -> Unique | P61: =IF(L61="","MISSING","OK") -> MISSING | Q61: =IF(ISNUMBER(B61),"OK","BAD DATE") -> OK | R61: =IF(ROUND(F61,2)=F61,"OK","FIX") -> OK
A62: ORD200060 | B62: 45525 | C62: C39256 | D62: Desk | E62: 1 | F62: 417.1 | G62: 634 Main St | H62: Debit Card | I62: Returned | J62: TRK23412025 | K62: 3 | L62: FREESHIP | M62: Referral | N62: 417.1 | O62: =IF(COUNTIF($A$2:$A$1201,A62)>1,"DUPLICATE","Unique") -> Unique | P62: =IF(L62="","MISSING","OK") -> OK | Q62: =IF(ISNUMBER(B62),"OK","BAD DATE") -> OK | R62: =IF(ROUND(F62,2)=F62,"OK","FIX") -> OK
A63: ORD200061 | B63: 45375 | C63: C61618 | D63: Desk | E63: 4 | F63: 122.2 | G63: 104 Main St | H63: Cash | I63: Delivered | J63: TRK43458485 | K63: 7 | L63: FREESHIP | M63: Facebook | N63: 488.8 | O63: =IF(COUNTIF($A$2:$A$1201,A63)>1,"DUPLICATE","Unique") -> Unique | P63: =IF(L63="","MISSING","OK") -> OK | Q63: =IF(ISNUMBER(B63),"OK","BAD DATE") -> OK | R63: =IF(ROUND(F63,2)=F63,"OK","FIX") -> OK
A64: ORD200062 | B64: 45160 | C64: C36497 | D64: Desk | E64: 2 | F64: 43.15 | G64: 691 Main St | H64: Debit Card | I64: Pending | J64: TRK12102911 | K64: 3 | L64: WINTER15 | M64: Email | N64: 86.3 | O64: =IF(COUNTIF($A$2:$A$1201,A64)>1,"DUPLICATE","Unique") -> Unique | P64: =IF(L64="","MISSING","OK") -> OK | Q64: =IF(ISNUMBER(B64),"OK","BAD DATE") -> OK | R64: =IF(ROUND(F64,2)=F64,"OK","FIX") -> OK
A65: ORD200063 | B65: 45690 | C65: C96695 | D65: Chair | E65: 1 | F65: 564.86 | G65: 813 Main St | H65: Debit Card | I65: Shipped | J65: TRK64283851 | K65: 6 | L65: WINTER15 | M65: Referral | N65: 564.86 | O65: =IF(COUNTIF($A$2:$A$1201,A65)>1,"DUPLICATE","Unique") -> Unique | P65: =IF(L65="","MISSING","OK") -> OK | Q65: =IF(ISNUMBER(B65),"OK","BAD DATE") -> OK | R65: =IF(ROUND(F65,2)=F65,"OK","FIX") -> OK
A66: ORD200064 | B66: 45833 | C66: C49720 | D66: Printer | E66: 3 | F66: 130.61 | G66: 752 Main St | H66: Debit Card | I66: Cancelled | J66: TRK55785217 | K66: 4 | L66: FREESHIP | M66: Facebook | N66: 391.83 | O66: =IF(COUNTIF($A$2:$A$1201,A66)>1,"DUPLICATE","Unique") -> Unique | P66: =IF(L66="","MISSING","OK") -> OK | Q66: =IF(ISNUMBER(B66),"OK","BAD DATE") -> OK | R66: =IF(ROUND(F66,2)=F66,"OK","FIX") -> OK
A67: ORD200065 | B67: 45290 | C67: C97735 | D67: Monitor | E67: 5 | F67: 81.7 | G67: 385 Main St | H67: Credit Card | I67: Delivered | J67: TRK13743703 | K67: 6 | M67: Instagram | N67: 408.5 | O67: =IF(COUNTIF($A$2:$A$1201,A67)>1,"DUPLICATE","Unique") -> Unique | P67: =IF(L67="","MISSING","OK") -> MISSING | Q67: =IF(ISNUMBER(B67),"OK","BAD DATE") -> OK | R67: =IF(ROUND(F67,2)=F67,"OK","FIX") -> OK
A68: ORD200066 | B68: 45611 | C68: C18104 | D68: Chair | E68: 5 | F68: 127.18 | G68: 715 Main St | H68: Cash | I68: Cancelled | J68: TRK15488568 | K68: 9 | L68: SAVE10 | M68: Referral | N68: 635.9 | O68: =IF(COUNTIF($A$2:$A$1201,A68)>1,"DUPLICATE","Unique") -> Unique | P68: =IF(L68="","MISSING","OK") -> OK | Q68: =IF(ISNUMBER(B68),"OK","BAD DATE") -> OK | R68: =IF(ROUND(F68,2)=F68,"OK","FIX") -> OK
A69: ORD200067 | B69: 45635 | C69: C25587 | D69: Printer | E69: 4 | F69: 12.1 | G69: 440 Main St | H69: Debit Card | I69: Cancelled | J69: TRK55105323 | K69: 8 | M69: Google | N69: 48.4 | O69: =IF(COUNTIF($A$2:$A$1201,A69)>1,"DUPLICATE","Unique") -> Unique | P69: =IF(L69="","MISSING","OK") -> MISSING | Q69: =IF(ISNUMBER(B69),"OK","BAD DATE") -> OK | R69: =IF(ROUND(F69,2)=F69,"OK","FIX") -> OK
A70: ORD200068 | B70: 45271 | C70: C41598 | D70: Chair | E70: 3 | F70: 490.92 | G70: 709 Main St | H70: Credit Card | I70: Pending | J70: TRK81665940 | K70: 5 | L70: FREESHIP | M70: Email | N70: 1472.76 | O70: =IF(COUNTIF($A$2:$A$1201,A70)>1,"DUPLICATE","Unique") -> Unique | P70: =IF(L70="","MISSING","OK") -> OK | Q70: =IF(ISNUMBER(B70),"OK","BAD DATE") -> OK | R70: =IF(ROUND(F70,2)=F70,"OK","FIX") -> OK
A71: ORD200069 | B71: 45057 | C71: C43338 | D71: Monitor | E71: 3 | F71: 478.65 | G71: 552 Main St | H71: Online | I71: Shipped | J71: TRK35241775 | K71: 4 | M71: Referral | N71: 1435.95 | O71: =IF(COUNTIF($A$2:$A$1201,A71)>1,"DUPLICATE","Unique") -> Unique | P71: =IF(L71="","MISSING","OK") -> MISSING | Q71: =IF(ISNUMBER(B71),"OK","BAD DATE") -> OK | R71: =IF(ROUND(F71,2)=F71,"OK","FIX") -> OK
A72: ORD200070 | B72: 45072 | C72: C25123 | D72: Desk | E72: 1 | F72: 629.21 | G72: 384 Main St | H72: Gift Card | I72: Pending | J72: TRK27812282 | K72: 2 | L72: FREESHIP | M72: Instagram | N72: 629.21 | O72: =IF(COUNTIF($A$2:$A$1201,A72)>1,"DUPLICATE","Unique") -> Unique | P72: =IF(L72="","MISSING","OK") -> OK | Q72: =IF(ISNUMBER(B72),"OK","BAD DATE") -> OK | R72: =IF(ROUND(F72,2)=F72,"OK","FIX") -> OK
A73: ORD200071 | B73: 45818 | C73: C37454 | D73: Monitor | E73: 3 | F73: 434.45 | G73: 923 Main St | H73: Credit Card | I73: Pending | J73: TRK28252730 | K73: 4 | M73: Referral | N73: 1303.35 | O73: =IF(COUNTIF($A$2:$A$1201,A73)>1,"DUPLICATE","Unique") -> Unique | P73: =IF(L73="","MISSING","OK") -> MISSING | Q73: =IF(ISNUMBER(B73),"OK","BAD DATE") -> OK | R73: =IF(ROUND(F73,2)=F73,"OK","FIX") -> OK
A74: ORD200072 | B74: 45648 | C74: C19451 | D74: Tablet | E74: 4 | F74: 589.44 | G74: 942 Main St | H74: Gift Card | I74: Returned | J74: TRK87787793 | K74: 5 | M74: Facebook | N74: 2357.76 | O74: =IF(COUNTIF($A$2:$A$1201,A74)>1,"DUPLICATE","Unique") -> Unique | P74: =IF(L74="","MISSING","OK") -> MISSING | Q74: =IF(ISNUMBER(B74),"OK","BAD DATE") -> OK | R74: =IF(ROUND(F74,2)=F74,"OK","FIX") -> OK
A75: ORD200073 | B75: 45049 | C75: C17269 | D75: Monitor | E75: 4 | F75: 433.45 | G75: 129 Main St | H75: Gift Card | I75: Cancelled | J75: TRK79608389 | K75: 4 | M75: Facebook | N75: 1733.8 | O75: =IF(COUNTIF($A$2:$A$1201,A75)>1,"DUPLICATE","Unique") -> Unique | P75: =IF(L75="","MISSING","OK") -> MISSING | Q75: =IF(ISNUMBER(B75),"OK","BAD DATE") -> OK | R75: =IF(ROUND(F75,2)=F75,"OK","FIX") -> OK
A76: ORD200074 | B76: 45101 | C76: C25382 | D76: Phone | E76: 5 | F76: 90.87 | G76: 622 Main St | H76: Cash | I76: Pending | J76: TRK64691287 | K76: 5 | M76: Instagram | N76: 454.35 | O76: =IF(COUNTIF($A$2:$A$1201,A76)>1,"DUPLICATE","Unique") -> Unique | P76: =IF(L76="","MISSING","OK") -> MISSING | Q76: =IF(ISNUMBER(B76),"OK","BAD DATE") -> OK | R76: =IF(ROUND(F76,2)=F76,"OK","FIX") -> OK
A77: ORD200075 | B77: 45195 | C77: C80651 | D77: Tablet | E77: 3 | F77: 398.17 | G77: 917 Main St | H77: Debit Card | I77: Delivered | J77: TRK14846720 | K77: 5 | L77: SAVE10 | M77: Email | N77: 1194.51 | O77: =IF(COUNTIF($A$2:$A$1201,A77)>1,"DUPLICATE","Unique") -> Unique | P77: =IF(L77="","MISSING","OK") -> OK | Q77: =IF(ISNUMBER(B77),"OK","BAD DATE") -> OK | R77: =IF(ROUND(F77,2)=F77,"OK","FIX") -> OK
A78: ORD200076 | B78: 45382 | C78: C58638 | D78: Laptop | E78: 4 | F78: 382.88 | G78: 239 Main St | H78: Cash | I78: Cancelled | J78: TRK38224871 | K78: 6 | L78: WINTER15 | M78: Email | N78: 1531.52 | O78: =IF(COUNTIF($A$2:$A$1201,A78)>1,"DUPLICATE","Unique") -> Unique | P78: =IF(L78="","MISSING","OK") -> OK | Q78: =IF(ISNUMBER(B78),"OK","BAD DATE") -> OK | R78: =IF(ROUND(F78,2)=F78,"OK","FIX") -> OK
A79: ORD200077 | B79: 45436 | C79: C50121 | D79: Phone | E79: 1 | F79: 583.18 | G79: 348 Main St | H79: Credit Card | I79: Returned | J79: TRK79810059 | K79: 5 | M79: Google | N79: 583.18 | O79: =IF(COUNTIF($A$2:$A$1201,A79)>1,"DUPLICATE","Unique") -> Unique | P79: =IF(L79="","MISSING","OK") -> MISSING | Q79: =IF(ISNUMBER(B79),"OK","BAD DATE") -> OK | R79: =IF(ROUND(F79,2)=F79,"OK","FIX") -> OK
A80: ORD200078 | B80: 45510 | C80: C32029 | D80: Printer | E80: 4 | F80: 175.36 | G80: 146 Main St | H80: Debit Card | I80: Delivered | J80: TRK68535532 | K80: 4 | L80: FREESHIP | M80: Instagram | N80: 701.44 | O80: =IF(COUNTIF($A$2:$A$1201,A80)>1,"DUPLICATE","Unique") -> Unique | P80: =IF(L80="","MISSING","OK") -> OK | Q80: =IF(ISNUMBER(B80),"OK","BAD DATE") -> OK | R80: =IF(ROUND(F80,2)=F80,"OK","FIX") -> OK
A81: ORD200079 | B81: 45726 | C81: C76700 | D81: Tablet | E81: 2 | F81: 311.91 | G81: 103 Main St | H81: Online | I81: Shipped | J81: TRK13036341 | K81: 2 | M81: Facebook | N81: 623.82 | O81: =IF(COUNTIF($A$2:$A$1201,A81)>1,"DUPLICATE","Unique") -> Unique | P81: =IF(L81="","MISSING","OK") -> MISSING | Q81: =IF(ISNUMBER(B81),"OK","BAD DATE") -> OK | R81: =IF(ROUND(F81,2)=F81,"OK","FIX") -> OK
A82: ORD200080 | B82: 45104 | C82: C29041 | D82: Phone | E82: 3 | F82: 589.56 | G82: 591 Main St | H82: Online | I82: Returned | J82: TRK28840655 | K82: 6 | M82: Facebook | N82: 1768.68 | O82: =IF(COUNTIF($A$2:$A$1201,A82)>1,"DUPLICATE","Unique") -> Unique | P82: =IF(L82="","MISSING","OK") -> MISSING | Q82: =IF(ISNUMBER(B82),"OK","BAD DATE") -> OK | R82: =IF(ROUND(F82,2)=F82,"OK","FIX") -> OK
A83: ORD200081 | B83: 45085 | C83: C29314 | D83: Monitor | E83: 2 | F83: 394.3 | G83: 496 Main St | H83: Cash | I83: Shipped | J83: TRK59876213 | K83: 6 | L83: FREESHIP | M83: Email | N83: 788.6 | O83: =IF(COUNTIF($A$2:$A$1201,A83)>1,"DUPLICATE","Unique") -> Unique | P83: =IF(L83="","MISSING","OK") -> OK | Q83: =IF(ISNUMBER(B83),"OK","BAD DATE") -> OK | R83: =IF(ROUND(F83,2)=F83,"OK","FIX") -> OK
A84: ORD200082 | B84: 45296 | C84: C65799 | D84: Tablet | E84: 4 | F84: 565.2 | G84: 971 Main St | H84: Debit Card | I84: Shipped | J84: TRK66906607 | K84: 9 | L84: SAVE10 | M84: Google | N84: 2260.8 | O84: =IF(COUNTIF($A$2:$A$1201,A84)>1,"DUPLICATE","Unique") -> Unique | P84: =IF(L84="","MISSING","OK") -> OK | Q84: =IF(ISNUMBER(B84),"OK","BAD DATE") -> OK | R84: =IF(ROUND(F84,2)=F84,"OK","FIX") -> OK
A85: ORD200083 | B85: 45160 | C85: C15681 | D85: Laptop | E85: 4 | F85: 540.41 | G85: 989 Main St | H85: Credit Card | I85: Cancelled | J85: TRK75112172 | K85: 6 | M85: Referral | N85: 2161.64 | O85: =IF(COUNTIF($A$2:$A$1201,A85)>1,"DUPLICATE","Unique") -> Unique | P85: =IF(L85="","MISSING","OK") -> MISSING | Q85: =IF(ISNUMBER(B85),"OK","BAD DATE") -> OK | R85: =IF(ROUND(F85,2)=F85,"OK","FIX") -> OK
A86: ORD200084 | B86: 45166 | C86: C64160 | D86: Monitor | E86: 2 | F86: 165.49 | G86: 967 Main St | H86: Online | I86: Shipped | J86: TRK34121529 | K86: 4 | L86: WINTER15 | M86: Instagram | N86: 330.98 | O86: =IF(COUNTIF($A$2:$A$1201,A86)>1,"DUPLICATE","Unique") -> Unique | P86: =IF(L86="","MISSING","OK") -> OK | Q86: =IF(ISNUMBER(B86),"OK","BAD DATE") -> OK | R86: =IF(ROUND(F86,2)=F86,"OK","FIX") -> OK
A87: ORD200085 | B87: 45544 | C87: C14553 | D87: Tablet | E87: 3 | F87: 146.73 | G87: 768 Main St | H87: Cash | I87: Delivered | J87: TRK93538334 | K87: 8 | L87: FREESHIP | M87: Email | N87: 440.19 | O87: =IF(COUNTIF($A$2:$A$1201,A87)>1,"DUPLICATE","Unique") -> Unique | P87: =IF(L87="","MISSING","OK") -> OK | Q87: =IF(ISNUMBER(B87),"OK","BAD DATE") -> OK | R87: =IF(ROUND(F87,2)=F87,"OK","FIX") -> OK
A88: ORD200086 | B88: 45462 | C88: C88205 | D88: Printer | E88: 5 | F88: 643.03 | G88: 447 Main St | H88: Online | I88: Cancelled | J88: TRK93504166 | K88: 5 | L88: FREESHIP | M88: Referral | N88: 3215.15 | O88: =IF(COUNTIF($A$2:$A$1201,A88)>1,"DUPLICATE","Unique") -> Unique | P88: =IF(L88="","MISSING","OK") -> OK | Q88: =IF(ISNUMBER(B88),"OK","BAD DATE") -> OK | R88: =IF(ROUND(F88,2)=F88,"OK","FIX") -> OK
A89: ORD200087 | B89: 45575 | C89: C91245 | D89: Tablet | E89: 3 | F89: 225.11 | G89: 915 Main St | H89: Cash | I89: Shipped | J89: TRK46976391 | K89: 4 | L89: SAVE10 | M89: Facebook | N89: 675.33 | O89: =IF(COUNTIF($A$2:$A$1201,A89)>1,"DUPLICATE","Unique") -> Unique | P89: =IF(L89="","MISSING","OK") -> OK | Q89: =IF(ISNUMBER(B89),"OK","BAD DATE") -> OK | R89: =IF(ROUND(F89,2)=F89,"OK","FIX") -> OK
A90: ORD200088 | B90: 45813 | C90: C75439 | D90: Desk | E90: 3 | F90: 114.81 | G90: 318 Main St | H90: Gift Card | I90: Cancelled | J90: TRK19831653 | K90: 7 | M90: Google | N90: 344.43 | O90: =IF(COUNTIF($A$2:$A$1201,A90)>1,"DUPLICATE","Unique") -> Unique | P90: =IF(L90="","MISSING","OK") -> MISSING | Q90: =IF(ISNUMBER(B90),"OK","BAD DATE") -> OK | R90: =IF(ROUND(F90,2)=F90,"OK","FIX") -> OK
A91: ORD200089 | B91: 45713 | C91: C17181 | D91: Printer | E91: 5 | F91: 455.33 | G91: 291 Main St | H91: Credit Card | I91: Cancelled | J91: TRK78912978 | K91: 8 | L91: FREESHIP | M91: Google | N91: 2276.65 | O91: =IF(COUNTIF($A$2:$A$1201,A91)>1,"DUPLICATE","Unique") -> Unique | P91: =IF(L91="","MISSING","OK") -> OK | Q91: =IF(ISNUMBER(B91),"OK","BAD DATE") -> OK | R91: =IF(ROUND(F91,2)=F91,"OK","FIX") -> OK
A92: ORD200090 | B92: 45187 | C92: C36540 | D92: Chair | E92: 4 | F92: 182.08 | G92: 611 Main St | H92: Gift Card | I92: Delivered | J92: TRK35828122 | K92: 4 | L92: SAVE10 | M92: Email | N92: 728.32 | O92: =IF(COUNTIF($A$2:$A$1201,A92)>1,"DUPLICATE","Unique") -> Unique | P92: =IF(L92="","MISSING","OK") -> OK | Q92: =IF(ISNUMBER(B92),"OK","BAD DATE") -> OK | R92: =IF(ROUND(F92,2)=F92,"OK","FIX") -> OK
A93: ORD200091 | B93: 45000 | C93: C98216 | D93: Laptop | E93: 5 | F93: 492.75 | G93: 196 Main St | H93: Cash | I93: Shipped | J93: TRK40986666 | K93: 6 | L93: WINTER15 | M93: Referral | N93: 2463.75 | O93: =IF(COUNTIF($A$2:$A$1201,A93)>1,"DUPLICATE","Unique") -> Unique | P93: =IF(L93="","MISSING","OK") -> OK | Q93: =IF(ISNUMBER(B93),"OK","BAD DATE") -> OK | R93: =IF(ROUND(F93,2)=F93,"OK","FIX") -> OK
A94: ORD200092 | B94: 45453 | C94: C29568 | D94: Printer | E94: 4 | F94: 48.61 | G94: 203 Main St | H94: Online | I94: Shipped | J94: TRK46531075 | K94: 7 | L94: FREESHIP | M94: Facebook | N94: 194.44 | O94: =IF(COUNTIF($A$2:$A$1201,A94)>1,"DUPLICATE","Unique") -> Unique | P94: =IF(L94="","MISSING","OK") -> OK | Q94: =IF(ISNUMBER(B94),"OK","BAD DATE") -> OK | R94: =IF(ROUND(F94,2)=F94,"OK","FIX") -> OK
A95: ORD200093 | B95: 44940 | C95: C97262 | D95: Desk | E95: 4 | F95: 431.01 | G95: 837 Main St | H95: Credit Card | I95: Returned | J95: TRK65990229 | K95: 7 | M95: Referral | N95: 1724.04 | O95: =IF(COUNTIF($A$2:$A$1201,A95)>1,"DUPLICATE","Unique") -> Unique | P95: =IF(L95="","MISSING","OK") -> MISSING | Q95: =IF(ISNUMBER(B95),"OK","BAD DATE") -> OK | R95: =IF(ROUND(F95,2)=F95,"OK","FIX") -> OK
A96: ORD200094 | B96: 44968 | C96: C79821 | D96: Chair | E96: 1 | F96: 531.18 | G96: 781 Main St | H96: Gift Card | I96: Returned | J96: TRK12780193 | K96: 6 | L96: WINTER15 | M96: Instagram | N96: 531.18 | O96: =IF(COUNTIF($A$2:$A$1201,A96)>1,"DUPLICATE","Unique") -> Unique | P96: =IF(L96="","MISSING","OK") -> OK | Q96: =IF(ISNUMBER(B96),"OK","BAD DATE") -> OK | R96: =IF(ROUND(F96,2)=F96,"OK","FIX") -> OK
A97: ORD200095 | B97: 45009 | C97: C76761 | D97: Printer | E97: 4 | F97: 117.51 | G97: 839 Main St | H97: Debit Card | I97: Returned | J97: TRK60179774 | K97: 7 | M97: Referral | N97: 470.04 | O97: =IF(COUNTIF($A$2:$A$1201,A97)>1,"DUPLICATE","Unique") -> Unique | P97: =IF(L97="","MISSING","OK") -> MISSING | Q97: =IF(ISNUMBER(B97),"OK","BAD DATE") -> OK | R97: =IF(ROUND(F97,2)=F97,"OK","FIX") -> OK
A98: ORD200096 | B98: 45444 | C98: C93007 | D98: Phone | E98: 2 | F98: 232.83 | G98: 103 Main St | H98: Gift Card | I98: Delivered | J98: TRK85696091 | K98: 7 | M98: Instagram | N98: 465.66 | O98: =IF(COUNTIF($A$2:$A$1201,A98)>1,"DUPLICATE","Unique") -> Unique | P98: =IF(L98="","MISSING","OK") -> MISSING | Q98: =IF(ISNUMBER(B98),"OK","BAD DATE") -> OK | R98: =IF(ROUND(F98,2)=F98,"OK","FIX") -> OK
A99: ORD200097 | B99: 45678 | C99: C15624 | D99: Tablet | E99: 5 | F99: 619.52 | G99: 922 Main St | H99: Debit Card | I99: Pending | J99: TRK40621141 | K99: 9 | M99: Email | N99: 3097.6 | O99: =IF(COUNTIF($A$2:$A$1201,A99)>1,"DUPLICATE","Unique") -> Unique | P99: =IF(L99="","MISSING","OK") -> MISSING | Q99: =IF(ISNUMBER(B99),"OK","BAD DATE") -> OK | R99: =IF(ROUND(F99,2)=F99,"OK","FIX") -> OK
A100: ORD200098 | B100: 44940 | C100: C70921 | D100: Printer | E100: 2 | F100: 228.54 | G100: 533 Main St | H100: Debit Card | I100: Pending | J100: TRK54983109 | K100: 3 | M100: Email | N100: 457.08 | O100: =IF(COUNTIF($A$2:$A$1201,A100)>1,"DUPLICATE","Unique") -> Unique | P100: =IF(L100="","MISSING","OK") -> MISSING | Q100: =IF(ISNUMBER(B100),"OK","BAD DATE") -> OK | R100: =IF(ROUND(F100,2)=F100,"OK","FIX") -> OK
...

Sheet Cleaned_Data
A1: OrderID | B1: Date | C1: CustomerID | D1: Product | E1: Quantity | F1: UnitPrice | G1: ShippingAddress | H1: PaymentMethod | I1: OrderStatus | J1: TrackingNumber | K1: ItemsInCart | L1: CouponCode | M1: ReferralSource | N1: TotalPrice | O1: Duplicate_Check | P1: Missing_Check | Q1: Date_Check | R1: Precision_Check
A2: =TRIM(UPPER(Raw_Data!A2)) -> ORD200000 | B2: =IF(ISNUMBER(Raw_Data!B2),Raw_Data!B2,DATEVALUE(Raw_Data!B2)) -> 44930 | C2: =TRIM(UPPER(Raw_Data!C2)) -> C72649 | D2: =PROPER(TRIM(Raw_Data!D2)) -> Monitor | E2: =Raw_Data!E2 -> 5 | F2: =ROUND(Raw_Data!F2,2) -> 570.62 | G2: =PROPER(TRIM(Raw_Data!G2)) -> 928 Main St | H2: =PROPER(TRIM(Raw_Data!H2)) -> Debit Card | I2: =PROPER(TRIM(Raw_Data!I2)) -> Shipped | J2: =TRIM(UPPER(Raw_Data!J2)) -> TRK37947903 | K2: =Raw_Data!K2 -> 7 | L2: =IF(TRIM(Raw_Data!L2)="","No Coupon",TRIM(UPPER(Raw_Data!L2))) -> SAVE10 | M2: =PROPER(TRIM(Raw_Data!M2)) -> Instagram | N2: =ROUND(E2*F2,2) -> 2853.1 | O2: =IF(COUNTIF($A$2:$A$1201,A2)>1,"DUPLICATE","Unique") -> Unique | P2: =IF(L2="","MISSING","OK") -> OK | Q2: =IF(ISNUMBER(B2),"OK","BAD DATE") -> OK | R2: =IF(ROUND(F2,2)=F2,"OK","FIX") -> OK
A3: =TRIM(UPPER(Raw_Data!A3)) -> ORD200001 | B3: =IF(ISNUMBER(Raw_Data!B3),Raw_Data!B3,DATEVALUE(Raw_Data!B3)) -> 45527 | C3: =TRIM(UPPER(Raw_Data!C3)) -> C75739 | D3: =PROPER(TRIM(Raw_Data!D3)) -> Phone | E3: =Raw_Data!E3 -> 2 | F3: =ROUND(Raw_Data!F3,2) -> 151.35 | G3: =PROPER(TRIM(Raw_Data!G3)) -> 823 Main St | H3: =PROPER(TRIM(Raw_Data!H3)) -> Online | I3: =PROPER(TRIM(Raw_Data!I3)) -> Shipped | J3: =TRIM(UPPER(Raw_Data!J3)) -> TRK91186779 | K3: =Raw_Data!K3 -> 3 | L3: =IF(TRIM(Raw_Data!L3)="","No Coupon",TRIM(UPPER(Raw_Data!L3))) -> SAVE10 | M3: =PROPER(TRIM(Raw_Data!M3)) -> Referral | N3: =ROUND(E3*F3,2) -> 302.7 | O3: =IF(COUNTIF($A$2:$A$1201,A3)>1,"DUPLICATE","Unique") -> Unique | P3: =IF(L3="","MISSING","OK") -> OK | Q3: =IF(ISNUMBER(B3),"OK","BAD DATE") -> OK | R3: =IF(ROUND(F3,2)=F3,"OK","FIX") -> OK
A4: =TRIM(UPPER(Raw_Data!A4)) -> ORD200002 | B4: =IF(ISNUMBER(Raw_Data!B4),Raw_Data!B4,DATEVALUE(Raw_Data!B4)) -> 45349 | C4: =TRIM(UPPER(Raw_Data!C4)) -> C81728 | D4: =PROPER(TRIM(Raw_Data!D4)) -> Tablet | E4: =Raw_Data!E4 -> 5 | F4: =ROUND(Raw_Data!F4,2) -> 550.68 | G4: =PROPER(TRIM(Raw_Data!G4)) -> 512 Main St | H4: =PROPER(TRIM(Raw_Data!H4)) -> Credit Card | I4: =PROPER(TRIM(Raw_Data!I4)) -> Cancelled | J4: =TRIM(UPPER(Raw_Data!J4)) -> TRK42903982 | K4: =Raw_Data!K4 -> 8 | L4: =IF(TRIM(Raw_Data!L4)="","No Coupon",TRIM(UPPER(Raw_Data!L4))) -> FREESHIP | M4: =PROPER(TRIM(Raw_Data!M4)) -> Email | N4: =ROUND(E4*F4,2) -> 2753.4 | O4: =IF(COUNTIF($A$2:$A$1201,A4)>1,"DUPLICATE","Unique") -> Unique | P4: =IF(L4="","MISSING","OK") -> OK | Q4: =IF(ISNUMBER(B4),"OK","BAD DATE") -> OK | R4: =IF(ROUND(F4,2)=F4,"OK","FIX") -> OK
A5: =TRIM(UPPER(Raw_Data!A5)) -> ORD200003 | B5: =IF(ISNUMBER(Raw_Data!B5),Raw_Data!B5,DATEVALUE(Raw_Data!B5)) -> 45214 | C5: =TRIM(UPPER(Raw_Data!C5)) -> C33540 | D5: =PROPER(TRIM(Raw_Data!D5)) -> Chair | E5: =Raw_Data!E5 -> 1 | F5: =ROUND(Raw_Data!F5,2) -> 273.19 | G5: =PROPER(TRIM(Raw_Data!G5)) -> 275 Main St | H5: =PROPER(TRIM(Raw_Data!H5)) -> Debit Card | I5: =PROPER(TRIM(Raw_Data!I5)) -> Returned | J5: =TRIM(UPPER(Raw_Data!J5)) -> TRK62788070 | K5: =Raw_Data!K5 -> 5 | L5: =IF(TRIM(Raw_Data!L5)="","No Coupon",TRIM(UPPER(Raw_Data!L5))) -> SAVE10 | M5: =PROPER(TRIM(Raw_Data!M5)) -> Facebook | N5: =ROUND(E5*F5,2) -> 273.19 | O5: =IF(COUNTIF($A$2:$A$1201,A5)>1,"DUPLICATE","Unique") -> Unique | P5: =IF(L5="","MISSING","OK") -> OK | Q5: =IF(ISNUMBER(B5),"OK","BAD DATE") -> OK | R5: =IF(ROUND(F5,2)=F5,"OK","FIX") -> OK
A6: =TRIM(UPPER(Raw_Data!A6)) -> ORD200004 | B6: =IF(ISNUMBER(Raw_Data!B6),Raw_Data!B6,DATEVALUE(Raw_Data!B6)) -> 45785 | C6: =TRIM(UPPER(Raw_Data!C6)) -> C81840 | D6: =PROPER(TRIM(Raw_Data!D6)) -> Printer | E6: =Raw_Data!E6 -> 4 | F6: =ROUND(Raw_Data!F6,2) -> 626.01 | G6: =PROPER(TRIM(Raw_Data!G6)) -> 668 Main St | H6: =PROPER(TRIM(Raw_Data!H6)) -> Online | I6: =PROPER(TRIM(Raw_Data!I6)) -> Delivered | J6: =TRIM(UPPER(Raw_Data!J6)) -> TRK29241424 | K6: =Raw_Data!K6 -> 8 | L6: =IF(TRIM(Raw_Data!L6)="","No Coupon",TRIM(UPPER(Raw_Data!L6))) -> SAVE10 | M6: =PROPER(TRIM(Raw_Data!M6)) -> Email | N6: =ROUND(E6*F6,2) -> 2504.04 | O6: =IF(COUNTIF($A$2:$A$1201,A6)>1,"DUPLICATE","Unique") -> Unique | P6: =IF(L6="","MISSING","OK") -> OK | Q6: =IF(ISNUMBER(B6),"OK","BAD DATE") -> OK | R6: =IF(ROUND(F6,2)=F6,"OK","FIX") -> OK
A7: =TRIM(UPPER(Raw_Data!A7)) -> ORD200005 | B7: =IF(ISNUMBER(Raw_Data!B7),Raw_Data!B7,DATEVALUE(Raw_Data!B7)) -> 45222 | C7: =TRIM(UPPER(Raw_Data!C7)) -> C37249 | D7: =PROPER(TRIM(Raw_Data!D7)) -> Phone | E7: =Raw_Data!E7 -> 2 | F7: =ROUND(Raw_Data!F7,2) -> 245.86 | G7: =PROPER(TRIM(Raw_Data!G7)) -> 934 Main St | H7: =PROPER(TRIM(Raw_Data!H7)) -> Credit Card | I7: =PROPER(TRIM(Raw_Data!I7)) -> Shipped | J7: =TRIM(UPPER(Raw_Data!J7)) -> TRK72976927 | K7: =Raw_Data!K7 -> 4 | L7: =IF(TRIM(Raw_Data!L7)="","No Coupon",TRIM(UPPER(Raw_Data!L7))) -> SAVE10 | M7: =PROPER(TRIM(Raw_Data!M7)) -> Instagram | N7: =ROUND(E7*F7,2) -> 491.72 | O7: =IF(COUNTIF($A$2:$A$1201,A7)>1,"DUPLICATE","Unique") -> Unique | P7: =IF(L7="","MISSING","OK") -> OK | Q7: =IF(ISNUMBER(B7),"OK","BAD DATE") -> OK | R7: =IF(ROUND(F7,2)=F7,"OK","FIX") -> OK
A8: =TRIM(UPPER(Raw_Data!A8)) -> ORD200006 | B8: =IF(ISNUMBER(Raw_Data!B8),Raw_Data!B8,DATEVALUE(Raw_Data!B8)) -> 45825 | C8: =TRIM(UPPER(Raw_Data!C8)) -> C83492 | D8: =PROPER(TRIM(Raw_Data!D8)) -> Laptop | E8: =Raw_Data!E8 -> 1 | F8: =ROUND(Raw_Data!F8,2) -> 664.42 | G8: =PROPER(TRIM(Raw_Data!G8)) -> 986 Main St | H8: =PROPER(TRIM(Raw_Data!H8)) -> Gift Card | I8: =PROPER(TRIM(Raw_Data!I8)) -> Returned | J8: =TRIM(UPPER(Raw_Data!J8)) -> TRK96417362 | K8: =Raw_Data!K8 -> 6 | L8: =IF(TRIM(Raw_Data!L8)="","No Coupon",TRIM(UPPER(Raw_Data!L8))) -> SAVE10 | M8: =PROPER(TRIM(Raw_Data!M8)) -> Facebook | N8: =ROUND(E8*F8,2) -> 664.42 | O8: =IF(COUNTIF($A$2:$A$1201,A8)>1,"DUPLICATE","Unique") -> Unique | P8: =IF(L8="","MISSING","OK") -> OK | Q8: =IF(ISNUMBER(B8),"OK","BAD DATE") -> OK | R8: =IF(ROUND(F8,2)=F8,"OK","FIX") -> OK
A9: =TRIM(UPPER(Raw_Data!A9)) -> ORD200007 | B9: =IF(ISNUMBER(Raw_Data!B9),Raw_Data!B9,DATEVALUE(Raw_Data!B9)) -> 45058 | C9: =TRIM(UPPER(Raw_Data!C9)) -> C41460 | D9: =PROPER(TRIM(Raw_Data!D9)) -> Monitor | E9: =Raw_Data!E9 -> 5 | F9: =ROUND(Raw_Data!F9,2) -> 149.55 | G9: =PROPER(TRIM(Raw_Data!G9)) -> 706 Main St | H9: =PROPER(TRIM(Raw_Data!H9)) -> Cash | I9: =PROPER(TRIM(Raw_Data!I9)) -> Shipped | J9: =TRIM(UPPER(Raw_Data!J9)) -> TRK78809193 | K9: =Raw_Data!K9 -> 9 | L9: =IF(TRIM(Raw_Data!L9)="","No Coupon",TRIM(UPPER(Raw_Data!L9))) -> FREESHIP | M9: =PROPER(TRIM(Raw_Data!M9)) -> Facebook | N9: =ROUND(E9*F9,2) -> 747.75 | O9: =IF(COUNTIF($A$2:$A$1201,A9)>1,"DUPLICATE","Unique") -> Unique | P9: =IF(L9="","MISSING","OK") -> OK | Q9: =IF(ISNUMBER(B9),"OK","BAD DATE") -> OK | R9: =IF(ROUND(F9,2)=F9,"OK","FIX") -> OK
A10: =TRIM(UPPER(Raw_Data!A10)) -> ORD200008 | B10: =IF(ISNUMBER(Raw_Data!B10),Raw_Data!B10,DATEVALUE(Raw_Data!B10)) -> 45749 | C10: =TRIM(UPPER(Raw_Data!C10)) -> C26817 | D10: =PROPER(TRIM(Raw_Data!D10)) -> Phone | E10: =Raw_Data!E10 -> 2 | F10: =ROUND(Raw_Data!F10,2) -> 134.28 | G10: =PROPER(TRIM(Raw_Data!G10)) -> 904 Main St | H10: =PROPER(TRIM(Raw_Data!H10)) -> Gift Card | I10: =PROPER(TRIM(Raw_Data!I10)) -> Cancelled | J10: =TRIM(UPPER(Raw_Data!J10)) -> TRK61042692 | K10: =Raw_Data!K10 -> 2 | L10: =IF(TRIM(Raw_Data!L10)="","No Coupon",TRIM(UPPER(Raw_Data!L10))) -> No Coupon | M10: =PROPER(TRIM(Raw_Data!M10)) -> Email | N10: =ROUND(E10*F10,2) -> 268.56 | O10: =IF(COUNTIF($A$2:$A$1201,A10)>1,"DUPLICATE","Unique") -> Unique | P10: =IF(L10="","MISSING","OK") -> OK | Q10: =IF(ISNUMBER(B10),"OK","BAD DATE") -> OK | R10: =IF(ROUND(F10,2)=F10,"OK","FIX") -> OK
A11: =TRIM(UPPER(Raw_Data!A11)) -> ORD200009 | B11: =IF(ISNUMBER(Raw_Data!B11),Raw_Data!B11,DATEVALUE(Raw_Data!B11)) -> 45251 | C11: =TRIM(UPPER(Raw_Data!C11)) -> C31946 | D11: =PROPER(TRIM(Raw_Data!D11)) -> Desk | E11: =Raw_Data!E11 -> 4 | F11: =ROUND(Raw_Data!F11,2) -> 509.38 | G11: =PROPER(TRIM(Raw_Data!G11)) -> 102 Main St | H11: =PROPER(TRIM(Raw_Data!H11)) -> Credit Card | I11: =PROPER(TRIM(Raw_Data!I11)) -> Shipped | J11: =TRIM(UPPER(Raw_Data!J11)) -> TRK33478363 | K11: =Raw_Data!K11 -> 6 | L11: =IF(TRIM(Raw_Data!L11)="","No Coupon",TRIM(UPPER(Raw_Data!L11))) -> SAVE10 | M11: =PROPER(TRIM(Raw_Data!M11)) -> Google | N11: =ROUND(E11*F11,2) -> 2037.52 | O11: =IF(COUNTIF($A$2:$A$1201,A11)>1,"DUPLICATE","Unique") -> Unique | P11: =IF(L11="","MISSING","OK") -> OK | Q11: =IF(ISNUMBER(B11),"OK","BAD DATE") -> OK | R11: =IF(ROUND(F11,2)=F11,"OK","FIX") -> OK
A12: =TRIM(UPPER(Raw_Data!A12)) -> ORD200010 | B12: =IF(ISNUMBER(Raw_Data!B12),Raw_Data!B12,DATEVALUE(Raw_Data!B12)) -> 45289 | C12: =TRIM(UPPER(Raw_Data!C12)) -> C43443 | D12: =PROPER(TRIM(Raw_Data!D12)) -> Tablet | E12: =Raw_Data!E12 -> 5 | F12: =ROUND(Raw_Data!F12,2) -> 625.97 | G12: =PROPER(TRIM(Raw_Data!G12)) -> 333 Main St | H12: =PROPER(TRIM(Raw_Data!H12)) -> Credit Card | I12: =PROPER(TRIM(Raw_Data!I12)) -> Returned | J12: =TRIM(UPPER(Raw_Data!J12)) -> TRK98859248 | K12: =Raw_Data!K12 -> 9 | L12: =IF(TRIM(Raw_Data!L12)="","No Coupon",TRIM(UPPER(Raw_Data!L12))) -> WINTER15 | M12: =PROPER(TRIM(Raw_Data!M12)) -> Instagram | N12: =ROUND(E12*F12,2) -> 3129.85 | O12: =IF(COUNTIF($A$2:$A$1201,A12)>1,"DUPLICATE","Unique") -> Unique | P12: =IF(L12="","MISSING","OK") -> OK | Q12: =IF(ISNUMBER(B12),"OK","BAD DATE") -> OK | R12: =IF(ROUND(F12,2)=F12,"OK","FIX") -> OK
A13: =TRIM(UPPER(Raw_Data!A13)) -> ORD200011 | B13: =IF(ISNUMBER(Raw_Data!B13),Raw_Data!B13,DATEVALUE(Raw_Data!B13)) -> 45339 | C13: =TRIM(UPPER(Raw_Data!C13)) -> C93861 | D13: =PROPER(TRIM(Raw_Data!D13)) -> Monitor | E13: =Raw_Data!E13 -> 3 | F13: =ROUND(Raw_Data!F13,2) -> 49.14 | G13: =PROPER(TRIM(Raw_Data!G13)) -> 831 Main St | H13: =PROPER(TRIM(Raw_Data!H13)) -> Online | I13: =PROPER(TRIM(Raw_Data!I13)) -> Returned | J13: =TRIM(UPPER(Raw_Data!J13)) -> TRK48234646 | K13: =Raw_Data!K13 -> 7 | L13: =IF(TRIM(Raw_Data!L13)="","No Coupon",TRIM(UPPER(Raw_Data!L13))) -> SAVE10 | M13: =PROPER(TRIM(Raw_Data!M13)) -> Email | N13: =ROUND(E13*F13,2) -> 147.42 | O13: =IF(COUNTIF($A$2:$A$1201,A13)>1,"DUPLICATE","Unique") -> Unique | P13: =IF(L13="","MISSING","OK") -> OK | Q13: =IF(ISNUMBER(B13),"OK","BAD DATE") -> OK | R13: =IF(ROUND(F13,2)=F13,"OK","FIX") -> OK
... A1201: =TRIM(UPPER(Raw_Data!A1201)) -> ORD201199 | B1201: =IF(ISNUMBER(Raw_Data!B1201),Raw_Data!B1201,DATEVALUE(Raw_Data!B1201)) -> 45088 | C1201: =TRIM(UPPER(Raw_Data!C1201)) -> C57502 | D1201: =PROPER(TRIM(Raw_Data!D1201)) -> Tablet | E1201: =Raw_Data!E1201 -> 4 | F1201: =ROUND(Raw_Data!F1201,2) -> 560.58 | G1201: =PROPER(TRIM(Raw_Data!G1201)) -> 201 Main St | H1201: =PROPER(TRIM(Raw_Data!H1201)) -> Gift Card | I1201: =PROPER(TRIM(Raw_Data!I1201)) -> Returned | J1201: =TRIM(UPPER(Raw_Data!J1201)) -> TRK51116746 | K1201: =Raw_Data!K1201 -> 6 | L1201: =IF(TRIM(Raw_Data!L1201)="","No Coupon",TRIM(UPPER(Raw_Data!L1201))) -> SAVE10 | M1201: =PROPER(TRIM(Raw_Data!M1201)) -> Referral | N1201: =ROUND(E1201*F1201,2) -> 2242.32 | O1201: =IF(COUNTIF($A$2:$A$1201,A1201)>1,"DUPLICATE","Unique") -> Unique | P1201: =IF(L1201="","MISSING","OK") -> OK | Q1201: =IF(ISNUMBER(B1201),"OK","BAD DATE") -> OK | R1201: =IF(ROUND(F1201,2)=F1201,"OK","FIX") -> OK
N1203: TOTAL ISSUES FOUND: | O1203: =COUNTIF(O2:O1201,"DUPLICATE")+COUNTIF(P2:P1201,"MISSING")+COUNTIF(Q2:Q1201,"BAD DATE")+COUNTIF(R2:R1201,"FIX") -> 0
N1204: STATUS: | O1204: =IF(O1203=0,"CLEAN","NEEDS REVIEW") -> CLEAN
